{
  "project_info": {
    "project_number": "132573698874",
    "firebase_url": "https://sarvsahayak-b6bc6.firebaseio.com",
    "project_id": "sarvsahayak-b6bc6",
    "storage_bucket": "sarvsahayak-b6bc6.appspot.com"
  },
  "client": [
    {
      "client_info": {
        "mobilesdk_app_id": "1:132573698874:android:a466ad982fe16cab770e03",
        "android_client_info": {
          "package_name": "com.creeping.sarvsahayak"
        }
      },
      "oauth_client": [
        {
          "client_id": "132573698874-ifidig3bso17j0ku7ft2o9bmkvujglvq.apps.googleusercontent.com",
          "client_type": 1,
          "android_info": {
            "package_name": "com.creeping.sarvsahayak",
            "certificate_hash": "977e6d83ba2e77f56210eb775eb874b19598b32f"
          }
        },
        {
          "client_id": "132573698874-3rrpvocpn4k5adu84pukjk5c2rmusrq5.apps.googleusercontent.com",
          "client_type": 3
        }
      ],
      "api_key": [
        {
          "current_key": "AIzaSyCrbn1tBzCWzWju6ovIs9-Q_uxJqzgPAv8"
        }
      ],
      "services": {
        "appinvite_service": {
          "other_platform_oauth_client": [
            {
              "client_id": "132573698874-3rrpvocpn4k5adu84pukjk5c2rmusrq5.apps.googleusercontent.com",
              "client_type": 3
            }
          ]
        }
      }
    }
  ],
  "configuration_version": "1"
}